{
	"name": "Caça-Palavras - BD",
	"version": "1.0.0.0",
	"description": "",
	"id": "",
	"unique-id": "8w0ymgoxh3z",
	"viewport-width": 1920,
	"viewport-height": 1080,
	"author": "",
	"email": "",
	"website": "",
	"orientations": "landscape",
	"c2version": "244",
	"c3version": "r308.2",
	"ife": false,
	"used-plugins": [
		"Mouse",
		"Timeline",
		"Touch",
		"Arr",
		"Audio",
		"iframe",
		"Dictionary",
		"Sprite",
		"TiledBg",
		"Particles",
		"Keyboard",
		"Browser",
		"Text"
	],
	"used-behaviors": [
		"Tween",
		"Persist",
		"MoveTo",
		"Sin",
		"DragnDrop",
		"Rotate"
	]
}